﻿{"cameraMode":{"drawMode":0,"name":"Shaded","section":"Shading Mode"},"sceneLighting":true,"audioPlay":false,"sceneViewState":{"showFog":true,"showMaterialUpdate":true,"showSkybox":true,"showFlares":true,"showImageEffects":true,"showParticleSystems":true},"in2DMode":false,"pivot":{"x":-5.62553071975708,"y":-5.198330879211426,"z":-3.221841335296631},"rotation":{"x":-0.17075926065444947,"y":0.8109819293022156,"z":-0.28898337483406069,"w":-0.47920647263526919},"size":12.461819648742676,"orthographic":false}