﻿{"cameraMode":{"drawMode":0,"name":"Shaded","section":"Shading Mode"},"sceneLighting":true,"audioPlay":false,"sceneViewState":{"showFog":true,"showMaterialUpdate":true,"showSkybox":true,"showFlares":true,"showImageEffects":true,"showParticleSystems":true},"in2DMode":false,"pivot":{"x":-0.19436663389205934,"y":-0.05827981233596802,"z":-0.6296672224998474},"rotation":{"x":-0.1726590096950531,"y":0.7125334143638611,"z":-0.18826016783714295,"w":-0.6534857749938965},"size":1.3255841732025147,"orthographic":false}