﻿{"cameraMode":{"drawMode":0,"name":"Shaded","section":"Shading Mode"},"sceneLighting":true,"audioPlay":false,"sceneViewState":{"showFog":true,"showMaterialUpdate":true,"showSkybox":true,"showFlares":true,"showImageEffects":true,"showParticleSystems":true},"in2DMode":false,"pivot":{"x":2.4586610794067385,"y":-8.078849792480469,"z":1.6708146333694459},"rotation":{"x":-0.44443732500076296,"y":-0.5408809185028076,"z":0.4122980237007141,"w":-0.5830419063568115},"size":11.71412467956543,"orthographic":false}