﻿{"cameraMode":{"drawMode":0,"name":"Shaded","section":"Shading Mode"},"sceneLighting":true,"audioPlay":false,"sceneViewState":{"showFog":true,"showMaterialUpdate":true,"showSkybox":true,"showFlares":true,"showImageEffects":true,"showParticleSystems":true},"in2DMode":false,"pivot":{"x":-0.31946325302124026,"y":-0.09545457363128662,"z":-0.032643795013427737},"rotation":{"x":-0.17564164102077485,"y":0.7454623579978943,"z":-0.21622627973556519,"w":-0.6055428981781006},"size":2.489168167114258,"orthographic":false}